,precision,recall,f1-score,support
Refund_not_showing_up,0.9210526315789473,0.875,0.8974358974358975,40.0
activate_my_card,0.9473684210526315,0.9,0.9230769230769231,40.0
age_limit,1.0,0.975,0.9873417721518988,40.0
apple_pay_or_google_pay,0.975609756097561,1.0,0.9876543209876543,40.0
atm_support,0.9428571428571428,0.825,0.88,40.0
automatic_top_up,0.9705882352941176,0.825,0.8918918918918919,40.0
balance_not_updated_after_bank_transfer,0.7073170731707317,0.725,0.7160493827160493,40.0
balance_not_updated_after_cheque_or_cash_deposit,0.7857142857142857,0.825,0.8048780487804879,40.0
beneficiary_not_allowed,0.6326530612244898,0.775,0.6966292134831461,40.0
cancel_transfer,0.7346938775510204,0.9,0.8089887640449438,40.0
card_about_to_expire,0.8604651162790697,0.925,0.891566265060241,40.0
card_acceptance,0.7954545454545454,0.875,0.8333333333333334,40.0
card_arrival,0.8421052631578947,0.8,0.8205128205128205,40.0
card_delivery_estimate,0.7291666666666666,0.875,0.7954545454545454,40.0
card_linking,0.8478260869565217,0.975,0.9069767441860465,40.0
card_not_working,0.5714285714285714,0.8,0.6666666666666666,40.0
card_payment_fee_charged,0.8,0.8,0.8,40.0
card_payment_not_recognised,0.825,0.825,0.825,40.0
card_payment_wrong_exchange_rate,0.8536585365853658,0.875,0.8641975308641975,40.0
card_swallowed,1.0,0.7,0.8235294117647058,40.0
cash_withdrawal_charge,0.8918918918918919,0.825,0.8571428571428571,40.0
cash_withdrawal_not_recognised,0.7619047619047619,0.8,0.7804878048780488,40.0
change_pin,0.8809523809523809,0.925,0.9024390243902439,40.0
compromised_card,0.7073170731707317,0.725,0.7160493827160493,40.0
contactless_not_working,0.9655172413793104,0.7,0.8115942028985508,40.0
country_support,0.8409090909090909,0.925,0.8809523809523809,40.0
declined_card_payment,0.7291666666666666,0.875,0.7954545454545454,40.0
declined_cash_withdrawal,0.7115384615384616,0.925,0.8043478260869565,40.0
declined_transfer,0.90625,0.725,0.8055555555555556,40.0
direct_debit_payment_not_recognised,0.8857142857142857,0.775,0.8266666666666667,40.0
disposable_card_limits,0.8780487804878049,0.9,0.8888888888888888,40.0
edit_personal_details,0.975609756097561,1.0,0.9876543209876543,40.0
exchange_charge,0.8717948717948718,0.85,0.8607594936708861,40.0
exchange_rate,0.8809523809523809,0.925,0.9024390243902439,40.0
exchange_via_app,0.7727272727272727,0.85,0.8095238095238095,40.0
extra_charge_on_statement,0.7948717948717948,0.775,0.7848101265822784,40.0
failed_transfer,0.7837837837837838,0.725,0.7532467532467533,40.0
fiat_currency_support,0.8529411764705882,0.725,0.7837837837837838,40.0
get_disposable_virtual_card,0.8611111111111112,0.775,0.8157894736842105,40.0
get_physical_card,0.8333333333333334,0.75,0.7894736842105263,40.0
getting_spare_card,1.0,0.825,0.9041095890410958,40.0
getting_virtual_card,0.7916666666666666,0.95,0.8636363636363636,40.0
lost_or_stolen_card,0.7428571428571429,0.65,0.6933333333333334,40.0
lost_or_stolen_phone,0.95,0.95,0.95,40.0
order_physical_card,0.7948717948717948,0.775,0.7848101265822784,40.0
passcode_forgotten,0.95,0.95,0.95,40.0
pending_card_payment,0.8780487804878049,0.9,0.8888888888888888,40.0
pending_cash_withdrawal,0.8947368421052632,0.85,0.8717948717948718,40.0
pending_top_up,0.8333333333333334,0.75,0.7894736842105263,40.0
pending_transfer,0.8378378378378378,0.775,0.8051948051948052,40.0
pin_blocked,0.9375,0.75,0.8333333333333334,40.0
receiving_money,0.875,0.875,0.875,40.0
request_refund,0.7142857142857143,0.875,0.7865168539325843,40.0
reverted_card_payment?,0.7111111111111111,0.8,0.7529411764705882,40.0
supported_cards_and_currencies,0.7906976744186046,0.85,0.8192771084337349,40.0
terminate_account,0.9024390243902439,0.925,0.9135802469135802,40.0
top_up_by_bank_transfer_charge,0.7894736842105263,0.75,0.7692307692307693,40.0
top_up_by_card_charge,0.9473684210526315,0.9,0.9230769230769231,40.0
top_up_by_cash_or_cheque,0.9354838709677419,0.725,0.8169014084507042,40.0
top_up_failed,0.6326530612244898,0.775,0.6966292134831461,40.0
top_up_limits,0.8809523809523809,0.925,0.9024390243902439,40.0
top_up_reverted,0.7105263157894737,0.675,0.6923076923076923,40.0
topping_up_by_card,0.7647058823529411,0.65,0.7027027027027027,40.0
transaction_charged_twice,0.9069767441860465,0.975,0.9397590361445783,40.0
transfer_fee_charged,0.775,0.775,0.775,40.0
transfer_into_account,0.7804878048780488,0.8,0.7901234567901234,40.0
transfer_not_received_by_recipient,0.8285714285714286,0.725,0.7733333333333333,40.0
transfer_timing,0.8,0.9,0.8470588235294118,40.0
unable_to_verify_identity,0.8888888888888888,0.8,0.8421052631578947,40.0
verify_my_identity,0.8205128205128205,0.8,0.810126582278481,40.0
verify_source_of_funds,0.8333333333333334,1.0,0.9090909090909091,40.0
verify_top_up,0.9512195121951219,0.975,0.9629629629629629,40.0
virtual_card_not_working,1.0,0.7,0.8235294117647058,40.0
visa_or_mastercard,1.0,0.9,0.9473684210526315,40.0
why_verify_identity,0.7272727272727273,0.8,0.7619047619047619,40.0
wrong_amount_of_cash_received,0.8372093023255814,0.9,0.8674698795180723,40.0
wrong_exchange_rate_for_cash_withdrawal,0.8484848484848485,0.7,0.7671232876712328,40.0
