epoch,train_loss,train_accuracy,train_f1,val_loss,val_accuracy,val_f1
1,4.1500952109728,0.09297675581104724,0.07999915727731148,3.909935713648379,0.26036981509245377,0.2196538445060224
2,3.6775386164826593,0.3091727068232942,0.27172381180386523,3.4705099406568842,0.3963018490754623,0.3485251747273932
3,3.226068167113209,0.4176455886028493,0.3773596884788687,3.0430383340291294,0.4687656171914043,0.4272419882696045
4,2.804736275578761,0.49200199950012496,0.4546654915836007,2.6557389441160844,0.5462268865567217,0.50800864780307
5,2.43022991311279,0.5572356910772307,0.5275078406430286,2.3264042506630216,0.5867066466766616,0.5599601563866373
6,2.1217566053142134,0.6040989752561859,0.5784567190912703,2.0598779307312514,0.6286856571714143,0.6105808888067931
7,1.8776242530992466,0.6468382904273932,0.6270983049647809,1.845278429305893,0.6591704147926037,0.6461014076120076
8,1.6710804080224222,0.679455136215946,0.6629503810664968,1.66998771284295,0.6851574212893553,0.6751022287797759
9,1.4991688721777647,0.7066983254186453,0.6944696554884217,1.5266144696859525,0.7056471764117941,0.6985918399275813
10,1.3618818461611937,0.7309422644338915,0.7245187064715621,1.4090164199225728,0.7161419290354822,0.7089852470210088
11,1.2450933989749138,0.751812046988253,0.7471600116183403,1.310083227119465,0.728135932033983,0.7198749256759158
12,1.146421264898953,0.7675581104723819,0.7611645045172116,1.224837987736307,0.7381309345327336,0.7328197702846254
13,1.0593438155053407,0.7813046738315421,0.7792576908685315,1.1547091741194908,0.7491254372813593,0.748055894440646
14,0.9805324567433924,0.7964258935266183,0.7934166227759271,1.0926926238485601,0.7556221889055472,0.7547311793302857
15,0.9165820060030159,0.8094226443389153,0.8060012659380305,1.038411860284896,0.768615692153923,0.7678958330315844
16,0.8470876055996109,0.8234191452136965,0.8218208999348143,0.9925145685285524,0.7781109445277361,0.7801600473381362
17,0.8023989550979755,0.8262934266433392,0.8236508026421782,0.9514203918152961,0.7806096951524237,0.7824881067245124
18,0.750669665498693,0.839290177455636,0.8372916532390485,0.9158678652941138,0.7816091954022989,0.7838265556874973
19,0.7114999695915903,0.8481629592601849,0.8472225663941906,0.8837333422550734,0.7916041979010495,0.7935701701050377
20,0.6650744708023557,0.8551612096975756,0.8551129012768299,0.8529962332531072,0.7971014492753623,0.7978659930762169
