actual,predicted,count
failed_transfer,beneficiary_not_allowed,7
verify_my_identity,why_verify_identity,7
fiat_currency_support,exchange_via_app,7
top_up_reverted,top_up_failed,6
card_swallowed,declined_cash_withdrawal,6
top_up_failed,top_up_reverted,5
compromised_card,lost_or_stolen_card,5
why_verify_identity,verify_my_identity,5
pending_top_up,top_up_failed,4
lost_or_stolen_card,compromised_card,4
card_acceptance,card_not_working,4
card_arrival,card_delivery_estimate,4
unable_to_verify_identity,why_verify_identity,4
transfer_fee_charged,card_payment_fee_charged,4
balance_not_updated_after_bank_transfer,transfer_timing,4
get_disposable_virtual_card,getting_virtual_card,4
declined_card_payment,reverted_card_payment?,4
order_physical_card,card_acceptance,4
wrong_exchange_rate_for_cash_withdrawal,card_payment_wrong_exchange_rate,3
get_physical_card,change_pin,3
virtual_card_not_working,get_disposable_virtual_card,3
get_disposable_virtual_card,disposable_card_limits,3
why_verify_identity,unable_to_verify_identity,3
transfer_not_received_by_recipient,cancel_transfer,3
pin_blocked,get_physical_card,3
cash_withdrawal_charge,transfer_fee_charged,3
beneficiary_not_allowed,failed_transfer,3
transfer_into_account,topping_up_by_card,3
lost_or_stolen_card,card_not_working,3
virtual_card_not_working,getting_virtual_card,3
transfer_timing,balance_not_updated_after_bank_transfer,3
virtual_card_not_working,declined_card_payment,3
supported_cards_and_currencies,fiat_currency_support,3
cash_withdrawal_not_recognised,compromised_card,3
top_up_reverted,pending_top_up,3
transfer_not_received_by_recipient,transfer_timing,3
declined_transfer,declined_card_payment,3
top_up_by_cash_or_cheque,balance_not_updated_after_cheque_or_cash_deposit,3
balance_not_updated_after_bank_transfer,pending_transfer,3
exchange_charge,exchange_via_app,2
disposable_card_limits,getting_virtual_card,2
top_up_by_bank_transfer_charge,transfer_into_account,2
fiat_currency_support,exchange_charge,2
visa_or_mastercard,card_not_working,2
top_up_by_bank_transfer_charge,transfer_fee_charged,2
direct_debit_payment_not_recognised,reverted_card_payment?,2
card_payment_not_recognised,compromised_card,2
direct_debit_payment_not_recognised,extra_charge_on_statement,2
direct_debit_payment_not_recognised,cash_withdrawal_not_recognised,2
exchange_charge,exchange_rate,2
pin_blocked,card_not_working,2
reverted_card_payment?,declined_card_payment,2
virtual_card_not_working,card_not_working,2
contactless_not_working,reverted_card_payment?,2
contactless_not_working,passcode_forgotten,2
pin_blocked,change_pin,2
top_up_by_cash_or_cheque,supported_cards_and_currencies,2
extra_charge_on_statement,card_payment_fee_charged,2
unable_to_verify_identity,verify_my_identity,2
change_pin,get_physical_card,2
receiving_money,top_up_by_bank_transfer_charge,2
extra_charge_on_statement,transfer_not_received_by_recipient,2
card_payment_fee_charged,transfer_fee_charged,2
card_payment_wrong_exchange_rate,wrong_exchange_rate_for_cash_withdrawal,2
topping_up_by_card,verify_source_of_funds,2
beneficiary_not_allowed,cancel_transfer,2
pending_top_up,topping_up_by_card,2
pending_top_up,top_up_reverted,2
cancel_transfer,request_refund,2
card_about_to_expire,card_delivery_estimate,2
balance_not_updated_after_cheque_or_cash_deposit,balance_not_updated_after_bank_transfer,2
atm_support,card_acceptance,2
balance_not_updated_after_bank_transfer,balance_not_updated_after_cheque_or_cash_deposit,2
lost_or_stolen_card,order_physical_card,2
card_delivery_estimate,card_arrival,2
transfer_not_received_by_recipient,pending_transfer,2
activate_my_card,card_about_to_expire,2
lost_or_stolen_phone,compromised_card,2
wrong_exchange_rate_for_cash_withdrawal,wrong_amount_of_cash_received,2
Refund_not_showing_up,request_refund,2
Refund_not_showing_up,reverted_card_payment?,2
card_payment_fee_charged,extra_charge_on_statement,2
pending_transfer,transfer_not_received_by_recipient,2
card_not_working,order_physical_card,2
get_physical_card,card_not_working,2
transfer_into_account,supported_cards_and_currencies,2
get_physical_card,pin_blocked,2
get_disposable_virtual_card,order_physical_card,2
wrong_amount_of_cash_received,declined_cash_withdrawal,2
pending_transfer,beneficiary_not_allowed,2
automatic_top_up,top_up_failed,2
transfer_fee_charged,extra_charge_on_statement,2
getting_spare_card,request_refund,2
topping_up_by_card,top_up_failed,2
pending_transfer,balance_not_updated_after_bank_transfer,2
getting_spare_card,card_delivery_estimate,2
pending_cash_withdrawal,pending_card_payment,1
pending_card_payment,card_payment_not_recognised,1
reverted_card_payment?,direct_debit_payment_not_recognised,1
reverted_card_payment?,request_refund,1
supported_cards_and_currencies,country_support,1
pending_cash_withdrawal,declined_cash_withdrawal,1
pending_card_payment,transaction_charged_twice,1
pending_cash_withdrawal,cash_withdrawal_not_recognised,1
pending_cash_withdrawal,cash_withdrawal_charge,1
reverted_card_payment?,top_up_reverted,1
reverted_card_payment?,card_payment_not_recognised,1
supported_cards_and_currencies,card_acceptance,1
pending_card_payment,card_about_to_expire,1
supported_cards_and_currencies,transfer_into_account,1
pin_blocked,card_linking,1
pending_transfer,transfer_timing,1
pending_transfer,top_up_by_bank_transfer_charge,1
pending_transfer,pending_card_payment,1
pin_blocked,declined_cash_withdrawal,1
pending_top_up,verify_source_of_funds,1
pin_blocked,lost_or_stolen_card,1
pending_top_up,pending_card_payment,1
receiving_money,transfer_into_account,1
receiving_money,country_support,1
pending_cash_withdrawal,transfer_fee_charged,1
pending_cash_withdrawal,pending_transfer,1
request_refund,Refund_not_showing_up,1
request_refund,contactless_not_working,1
request_refund,lost_or_stolen_phone,1
request_refund,terminate_account,1
request_refund,wrong_amount_of_cash_received,1
reverted_card_payment?,beneficiary_not_allowed,1
reverted_card_payment?,card_not_working,1
receiving_money,card_delivery_estimate,1
beneficiary_not_allowed,balance_not_updated_after_bank_transfer,1
balance_not_updated_after_cheque_or_cash_deposit,verify_source_of_funds,1
balance_not_updated_after_cheque_or_cash_deposit,top_up_reverted,1
balance_not_updated_after_cheque_or_cash_deposit,cash_withdrawal_not_recognised,1
balance_not_updated_after_cheque_or_cash_deposit,card_delivery_estimate,1
balance_not_updated_after_cheque_or_cash_deposit,beneficiary_not_allowed,1
atm_support,wrong_amount_of_cash_received,1
pending_card_payment,card_arrival,1
wrong_exchange_rate_for_cash_withdrawal,pending_cash_withdrawal,1
wrong_exchange_rate_for_cash_withdrawal,exchange_rate,1
wrong_exchange_rate_for_cash_withdrawal,cash_withdrawal_not_recognised,1
wrong_exchange_rate_for_cash_withdrawal,cash_withdrawal_charge,1
wrong_exchange_rate_for_cash_withdrawal,cancel_transfer,1
wrong_exchange_rate_for_cash_withdrawal,atm_support,1
wrong_amount_of_cash_received,pending_cash_withdrawal,1
wrong_amount_of_cash_received,cash_withdrawal_not_recognised,1
wrong_exchange_rate_for_cash_withdrawal,transaction_charged_twice,1
card_not_working,card_linking,1
card_not_working,card_acceptance,1
card_not_working,activate_my_card,1
card_linking,card_not_working,1
card_delivery_estimate,supported_cards_and_currencies,1
card_delivery_estimate,fiat_currency_support,1
card_delivery_estimate,country_support,1
card_arrival,reverted_card_payment?,1
atm_support,verify_source_of_funds,1
card_arrival,get_physical_card,1
card_arrival,card_not_working,1
card_acceptance,supported_cards_and_currencies,1
card_about_to_expire,lost_or_stolen_card,1
cancel_transfer,card_payment_not_recognised,1
cancel_transfer,beneficiary_not_allowed,1
beneficiary_not_allowed,transfer_into_account,1
beneficiary_not_allowed,lost_or_stolen_phone,1
card_arrival,request_refund,1
top_up_by_cash_or_cheque,top_up_limits,1
top_up_by_cash_or_cheque,top_up_failed,1
top_up_by_cash_or_cheque,declined_cash_withdrawal,1
top_up_by_cash_or_cheque,apple_pay_or_google_pay,1
top_up_by_card_charge,top_up_failed,1
top_up_by_card_charge,supported_cards_and_currencies,1
top_up_by_card_charge,exchange_charge,1
top_up_by_card_charge,card_payment_fee_charged,1
visa_or_mastercard,country_support,1
top_up_by_bank_transfer_charge,top_up_by_card_charge,1
top_up_by_bank_transfer_charge,terminate_account,1
top_up_by_bank_transfer_charge,receiving_money,1
top_up_by_bank_transfer_charge,declined_transfer,1
top_up_by_bank_transfer_charge,cancel_transfer,1
terminate_account,request_refund,1
terminate_account,receiving_money,1
terminate_account,beneficiary_not_allowed,1
top_up_by_bank_transfer_charge,transfer_timing,1
visa_or_mastercard,card_acceptance,1
virtual_card_not_working,disposable_card_limits,1
verify_top_up,pending_top_up,1
atm_support,disposable_card_limits,1
unable_to_verify_identity,verify_top_up,1
unable_to_verify_identity,declined_cash_withdrawal,1
transfer_timing,top_up_by_bank_transfer_charge,1
top_up_reverted,balance_not_updated_after_cheque_or_cash_deposit,1
top_up_by_cash_or_cheque,topping_up_by_card,1
top_up_limits,topping_up_by_card,1
top_up_limits,beneficiary_not_allowed,1
top_up_limits,automatic_top_up,1
top_up_failed,top_up_by_cash_or_cheque,1
top_up_failed,pending_top_up,1
top_up_failed,declined_card_payment,1
top_up_failed,card_not_working,1
top_up_by_cash_or_cheque,transfer_into_account,1
top_up_reverted,Refund_not_showing_up,1
card_swallowed,card_linking,1
card_swallowed,card_delivery_estimate,1
card_payment_wrong_exchange_rate,exchange_rate,1
card_payment_wrong_exchange_rate,cash_withdrawal_charge,1
card_payment_wrong_exchange_rate,card_arrival,1
card_payment_not_recognised,verify_source_of_funds,1
card_payment_not_recognised,extra_charge_on_statement,1
card_payment_not_recognised,declined_card_payment,1
get_physical_card,card_arrival,1
card_payment_not_recognised,card_payment_fee_charged,1
card_payment_fee_charged,direct_debit_payment_not_recognised,1
card_payment_fee_charged,cash_withdrawal_charge,1
card_payment_fee_charged,card_payment_not_recognised,1
card_payment_fee_charged,card_not_working,1
card_not_working,lost_or_stolen_card,1
card_not_working,declined_card_payment,1
atm_support,exchange_charge,1
card_payment_not_recognised,cash_withdrawal_not_recognised,1
compromised_card,direct_debit_payment_not_recognised,1
compromised_card,cash_withdrawal_not_recognised,1
compromised_card,card_not_working,1
compromised_card,card_linking,1
change_pin,edit_personal_details,1
cash_withdrawal_not_recognised,wrong_amount_of_cash_received,1
cash_withdrawal_not_recognised,pending_cash_withdrawal,1
cash_withdrawal_not_recognised,card_payment_not_recognised,1
card_swallowed,get_disposable_virtual_card,1
cash_withdrawal_not_recognised,balance_not_updated_after_cheque_or_cash_deposit,1
cash_withdrawal_charge,wrong_exchange_rate_for_cash_withdrawal,1
cash_withdrawal_charge,top_up_limits,1
cash_withdrawal_charge,extra_charge_on_statement,1
cash_withdrawal_charge,cancel_transfer,1
card_swallowed,wrong_amount_of_cash_received,1
card_swallowed,top_up_reverted,1
card_swallowed,request_refund,1
cash_withdrawal_not_recognised,cancel_transfer,1
topping_up_by_card,balance_not_updated_after_bank_transfer,1
top_up_reverted,verify_top_up,1
top_up_reverted,reverted_card_payment?,1
atm_support,balance_not_updated_after_bank_transfer,1
age_limit,terminate_account,1
activate_my_card,card_linking,1
activate_my_card,card_delivery_estimate,1
Refund_not_showing_up,pending_card_payment,1
transfer_not_received_by_recipient,declined_cash_withdrawal,1
verify_my_identity,unable_to_verify_identity,1
card_not_working,compromised_card,1
topping_up_by_card,direct_debit_payment_not_recognised,1
balance_not_updated_after_bank_transfer,wrong_amount_of_cash_received,1
balance_not_updated_after_bank_transfer,failed_transfer,1
automatic_top_up,verify_source_of_funds,1
automatic_top_up,top_up_limits,1
automatic_top_up,top_up_by_bank_transfer_charge,1
beneficiary_not_allowed,declined_transfer,1
transfer_not_received_by_recipient,beneficiary_not_allowed,1
transfer_not_received_by_recipient,balance_not_updated_after_bank_transfer,1
transfer_into_account,top_up_by_bank_transfer_charge,1
transfer_into_account,failed_transfer,1
transfer_into_account,country_support,1
transfer_fee_charged,top_up_by_bank_transfer_charge,1
transfer_fee_charged,failed_transfer,1
transfer_fee_charged,cancel_transfer,1
topping_up_by_card,balance_not_updated_after_cheque_or_cash_deposit,1
topping_up_by_card,transfer_into_account,1
topping_up_by_card,top_up_reverted,1
topping_up_by_card,top_up_limits,1
topping_up_by_card,top_up_by_cash_or_cheque,1
topping_up_by_card,pending_top_up,1
topping_up_by_card,failed_transfer,1
automatic_top_up,card_payment_not_recognised,1
topping_up_by_card,card_linking,1
transaction_charged_twice,pending_cash_withdrawal,1
automatic_top_up,receiving_money,1
get_physical_card,activate_my_card,1
fiat_currency_support,supported_cards_and_currencies,1
fiat_currency_support,pending_card_payment,1
failed_transfer,declined_transfer,1
failed_transfer,cash_withdrawal_not_recognised,1
failed_transfer,card_about_to_expire,1
failed_transfer,balance_not_updated_after_bank_transfer,1
compromised_card,terminate_account,1
extra_charge_on_statement,transaction_charged_twice,1
extra_charge_on_statement,request_refund,1
extra_charge_on_statement,cash_withdrawal_not_recognised,1
extra_charge_on_statement,card_payment_not_recognised,1
exchange_via_app,transfer_into_account,1
exchange_via_app,request_refund,1
exchange_via_app,receiving_money,1
exchange_via_app,fiat_currency_support,1
extra_charge_on_statement,verify_source_of_funds,1
passcode_forgotten,receiving_money,1
passcode_forgotten,card_payment_wrong_exchange_rate,1
order_physical_card,top_up_by_card_charge,1
order_physical_card,getting_virtual_card,1
order_physical_card,country_support,1
order_physical_card,card_delivery_estimate,1
order_physical_card,card_about_to_expire,1
lost_or_stolen_card,topping_up_by_card,1
get_physical_card,lost_or_stolen_card,1
lost_or_stolen_card,declined_cash_withdrawal,1
lost_or_stolen_card,card_payment_wrong_exchange_rate,1
lost_or_stolen_card,card_linking,1
getting_virtual_card,order_physical_card,1
getting_virtual_card,country_support,1
getting_spare_card,transfer_fee_charged,1
getting_spare_card,supported_cards_and_currencies,1
getting_spare_card,order_physical_card,1
lost_or_stolen_card,reverted_card_payment?,1
declined_transfer,balance_not_updated_after_cheque_or_cash_deposit,1
declined_cash_withdrawal,top_up_failed,1
declined_cash_withdrawal,declined_card_payment,1
declined_cash_withdrawal,beneficiary_not_allowed,1
declined_card_payment,card_not_working,1
country_support,why_verify_identity,1
country_support,top_up_limits,1
country_support,atm_support,1
exchange_via_app,exchange_rate,1
contactless_not_working,failed_transfer,1
contactless_not_working,declined_card_payment,1
contactless_not_working,card_not_working,1
contactless_not_working,card_arrival,1
contactless_not_working,card_about_to_expire,1
contactless_not_working,cancel_transfer,1
contactless_not_working,beneficiary_not_allowed,1
compromised_card,transfer_not_received_by_recipient,1
contactless_not_working,top_up_failed,1
exchange_via_app,card_payment_wrong_exchange_rate,1
exchange_rate,wrong_exchange_rate_for_cash_withdrawal,1
exchange_rate,exchange_charge,1
exchange_rate,cancel_transfer,1
exchange_charge,wrong_exchange_rate_for_cash_withdrawal,1
exchange_charge,request_refund,1
disposable_card_limits,get_disposable_virtual_card,1
disposable_card_limits,exchange_via_app,1
declined_transfer,beneficiary_not_allowed,1
direct_debit_payment_not_recognised,cancel_transfer,1
direct_debit_payment_not_recognised,Refund_not_showing_up,1
declined_transfer,transfer_not_received_by_recipient,1
declined_transfer,transfer_into_account,1
declined_transfer,transaction_charged_twice,1
declined_transfer,top_up_by_bank_transfer_charge,1
declined_transfer,declined_cash_withdrawal,1
declined_transfer,card_not_working,1
direct_debit_payment_not_recognised,request_refund,1
